{
	"values": [
		{"required": false, "id": "#realistic_explosion:equal_and_below_1200"},
		{"required": false, "id": "minecraft:barrier"},
		{"required": false, "id": "minecraft:light"},
		{"required": false, "id": "minecraft:bedrock"},
		{"required": false, "id": "minecraft:command_block"},
		{"required": false, "id": "minecraft:chain_command_block"},
		{"required": false, "id": "minecraft:repeating_command_block"},
		{"required": false, "id": "minecraft:end_gateway"},
		{"required": false, "id": "minecraft:end_portal"},
		{"required": false, "id": "minecraft:end_portal_frame"},
		{"required": false, "id": "minecraft:jigsaw"},
		{"required": false, "id": "minecraft:structure_block"}
	]
}
